﻿{
    "Format": "1.0.0-alpha",
    "Priority": "0",
    "Dialogue": [
        {
            "Character": "Caroline",
            "Voiceover": [
                {
                    "Normal": [
                        {
                            "Key": "Introduction",
                            "File": "Audio/Introduction.wav"
                        },
                        {
                            "Key": "Mon",
                            "File": "Audio/Mon.wav"
                        }
                    ]
                },
                {
                    "Rainy": [
                        {
                            "File": "Rainy Audio/Rainy.wav"
                        }
                    ]
                }
            ]
        }
    ]
}
