{
    "Format": "2.0.0",
    "Changes": [
        {
            "Action": "Load",
            "Target": "Mods/DecidedlyHuman/FenceFixerDeluxe/FenceFixerToolTier1",
            "FromFile": "assets/fence-fixer-tier-1.png"
        },
        {
            "Action": "EditData",
            "Target": "Data/Tools",
            "Entries": {
                "DecidedlyHuman_FenceFixerDeluxe_Tool": {
                    "ClassName": "GenericTool",
                    "Name": "FenceFixerDeluxe",
                    "DisplayName": "{{i18n: fence-fixer-deluxe-tier-1-display-name}}",
                    "Description": "{{i18n: fence-fixer-deluxe-tier-1-description}}",
                    "Texture": "Mods/DecidedlyHuman/FenceFixerDeluxe/FenceFixerToolTier1",
                    "SpriteIndex": 21,
                    "UpgradeLevel": 0,
                    "ApplyUpgradeLevelToDisplayName": false
                }
            }
        }
    ]
}
