﻿{
    "Format": "1.0.0-alpha",
    "Priority": "0",
    "Dialogue": [
        {
            "Character": "Abigail",
            "Voiceover": [
                {
                    "Normal": [
                        {
                            "Key": "Introduction",
                            "File": "Audio/Introduction.wav"
                        },
                        {
                            "Key": "Mon",
                            "File": "Audio/Mon.wav"
                        }
                    ]
                },
                {
                    "Rainy": [
                        {
                            "File": "Rainy Audio/Rainy.wav"
                        }
                    ]
                },
                {
                    "Marriage": [
                        {
                            "Key": "Indoor_Day_Abigail",
                            "File": "Marriage Audio/Indoors.wav"
                        }
                    ]
                },
                {
                    "StringsFromCS": [
                        {
                            "Key": "NPC.cs.4500",
                            "File": "Messy.wav"
                        }
                    ]
                }
            ]
        }
    ]
}
